Plant,Source,Parameter,Units,date,Value,Description,tavg,tmin,tmax,prcp,snow,wdir,wspd,pres,Emissions_Load
Lake,LAKE-1,SO2TONS,TONS,1/1/2022,0.000469548,SO2 in TONS,9.1,1.1,13.3,0.5,0.0,270,40.7,1008.6,1.817081336365145e-05
Lake,LAKE-1,SO2TONS,TONS,1/2/2022,0.002493238,SO2 in TONS,2.2,-4.3,6.7,0.0,0.0,9,7.9,1027.8,4.634080622752329e-05
Lake,LAKE-1,SO2TONS,TONS,1/3/2022,0.001957418,SO2 in TONS,1.3,-4.9,10.0,0.0,0.0,22,6.8,1025.6,5.566690122652797e-05
Lake,LAKE-1,SO2TONS,TONS,1/4/2022,0.000253068,SO2 in TONS,4.7,-3.8,16.7,0.0,0.0,294,16.6,1019.1,1.009523524957602e-05
Lake,LAKE-1,SO2TONS,TONS,1/5/2022,0.000987506,SO2 in TONS,9.7,-1.6,17.2,0.0,0.0,315,7.9,1014.3,1.5826532188628246e-05
Lake,LAKE-1,SO2TONS,TONS,1/15/2022,1.017e-06,SO2 in TONS,9.9,1.7,11.1,0.0,0.0,81,8.6,1024.9,9.627645736451992e-06
Lake,LAKE-1,SO2TONS,TONS,1/17/2022,0.001119104,SO2 in TONS,6.2,-2.7,18.3,0.0,0.0,310,9.4,1017.2,1.8538404562484405e-05
Lake,LAKE-1,SO2TONS,TONS,1/18/2022,0.001146602,SO2 in TONS,13.6,6.7,19.4,0.3,0.0,272,15.8,1012.4,1.829653402671236e-05
Lake,LAKE-1,SO2TONS,TONS,1/19/2022,0.003293445,SO2 in TONS,11.8,6.1,16.7,0.0,0.0,251,13.3,1014.5,4.928102245095452e-05
Lake,LAKE-1,SO2TONS,TONS,1/20/2022,0.001210807,SO2 in TONS,6.8,-1.0,9.4,0.0,0.0,76,9.7,1023.1,2.1958069375731016e-05
Lake,LAKE-1,SO2TONS,TONS,1/24/2022,0.001454625,SO2 in TONS,6.1,-1.0,15.6,0.0,0.0,357,7.6,1012.5,2.161409380616355e-05
Lake,LAKE-1,SO2TONS,TONS,1/25/2022,0.002798881,SO2 in TONS,10.0,2.8,17.8,0.0,0.0,208,13.7,1011.7,4.2896385728937104e-05
Lake,LAKE-1,SO2TONS,TONS,1/26/2022,0.001180403,SO2 in TONS,9.2,1.1,14.4,0.0,0.0,189,10.1,1016.4,1.8616525275397115e-05
Lake,LAKE-1,SO2TONS,TONS,1/27/2022,0.001214807,SO2 in TONS,7.6,-0.5,16.7,0.0,0.0,20,13.0,1019.0,1.7808145251142033e-05
Lake,LAKE-1,SO2TONS,TONS,1/29/2022,0.001064438,SO2 in TONS,4.7,-1.6,14.4,0.0,0.0,13,8.3,1024.6,1.624886368699433e-05
Lake,LAKE-1,SO2TONS,TONS,1/30/2022,0.001407523,SO2 in TONS,7.6,0.0,17.2,0.0,0.0,10,11.2,1016.2,2.0680093184925412e-05
Lake,LAKE-1,SO2TONS,TONS,1/31/2022,0.00512703,SO2 in TONS,9.1,1.1,18.3,0.0,0.0,240,8.6,1012.8,6.48201323486709e-05
Lake,LAKE-1,SO2TONS,TONS,2/1/2022,0.003083924,SO2 in TONS,12.7,6.1,17.8,0.0,0.0,211,16.2,1006.8,3.992488822834304e-05
Lake,LAKE-1,SO2TONS,TONS,2/2/2022,0.00517068,SO2 in TONS,13.0,-1.6,14.4,7.4,30.0,197,17.3,1005.0,6.459030215931782e-05
Lake,LAKE-1,SO2TONS,TONS,2/3/2022,0.00471132,SO2 in TONS,-1.7,-6.6,0.6,2.8,50.0,16,12.2,1021.5,6.633711985652523e-05
Lake,LAKE-1,SO2TONS,TONS,2/4/2022,0.003100011,SO2 in TONS,-3.1,-7.7,3.9,0.0,0.0,17,4.3,1034.3,4.6081138381929655e-05
Lake,LAKE-1,SO2TONS,TONS,2/5/2022,0.00481746,SO2 in TONS,0.0,-5.5,8.3,0.0,0.0,8,5.0,1026.9,6.532793219518632e-05
Lake,LAKE-1,SO2TONS,TONS,2/6/2022,0.003812036,SO2 in TONS,3.2,-4.3,13.9,0.0,0.0,37,11.5,1021.8,6.06528447241549e-05
Lake,LAKE-1,SO2TONS,TONS,2/7/2022,0.003783672,SO2 in TONS,6.1,-2.1,11.7,0.0,0.0,15,6.8,1028.4,5.519234424214373e-05
Lake,LAKE-1,SO2TONS,TONS,2/8/2022,0.003982661,SO2 in TONS,5.5,-3.8,16.1,0.0,0.0,17,5.4,1022.4,5.674401279330753e-05
Lake,LAKE-1,SO2TONS,TONS,2/9/2022,0.00466854,SO2 in TONS,8.3,1.1,18.3,0.0,0.0,28,9.4,1018.1,6.739116142082971e-05
Lake,LAKE-1,SO2TONS,TONS,2/10/2022,0.00449256,SO2 in TONS,9.1,-1.0,19.4,0.0,0.0,344,9.4,1016.7,6.81851906079708e-05
Lake,LAKE-1,SO2TONS,TONS,2/11/2022,0.00467403,SO2 in TONS,12.6,3.3,21.7,0.0,0.0,313,7.9,1012.2,6.771447411950461e-05
Lake,LAKE-1,SO2TONS,TONS,2/12/2022,0.00500178,SO2 in TONS,9.9,2.8,11.1,0.0,0.0,71,12.6,1024.5,6.612888771124405e-05
Lake,LAKE-1,SO2TONS,TONS,2/13/2022,0.003653931,SO2 in TONS,6.2,-2.1,16.7,0.0,0.0,39,5.0,1027.1,6.366914440006767e-05
Lake,LAKE-1,SO2TONS,TONS,2/14/2022,0.003173273,SO2 in TONS,8.9,-2.7,20.6,0.0,0.0,224,5.4,1019.8,5.132095540420366e-05
Lake,LAKE-1,SO2TONS,TONS,2/15/2022,0.004095797,SO2 in TONS,12.0,2.8,23.9,0.0,0.0,217,18.4,1010.1,6.094310543382023e-05
Lake,LAKE-1,SO2TONS,TONS,2/16/2022,0.001997238,SO2 in TONS,15.6,5.0,21.7,0.0,0.0,233,25.6,1005.2,3.336446455511891e-05
Lake,LAKE-1,SO2TONS,TONS,2/17/2022,0.002461005,SO2 in TONS,8.7,1.7,12.8,0.0,0.0,312,15.8,1016.8,4.486005124103332e-05
Lake,LAKE-1,SO2TONS,TONS,2/18/2022,0.001972989,SO2 in TONS,4.9,-3.8,15.0,0.0,0.0,29,5.8,1022.8,3.330469680618155e-05
Lake,LAKE-1,SO2TONS,TONS,2/19/2022,0.001826881,SO2 in TONS,7.7,-1.6,18.9,0.0,0.0,23,7.2,1021.2,2.6366190434872093e-05
Lake,LAKE-1,SO2TONS,TONS,2/20/2022,0.001116193,SO2 in TONS,10.4,0.6,22.8,0.0,0.0,252,12.2,1013.9,1.909573357888883e-05
Lake,LAKE-1,SO2TONS,TONS,2/21/2022,0.0013884,SO2 in TONS,15.4,8.9,21.7,0.0,0.0,231,29.2,1006.8,1.8824636416638272e-05
Lake,LAKE-1,SO2TONS,TONS,2/22/2022,0.001626619,SO2 in TONS,13.1,5.0,21.7,0.0,0.0,240,19.1,1010.0,3.604923334111572e-05
Lake,LAKE-1,SO2TONS,TONS,2/23/2022,0.001628145,SO2 in TONS,11.9,3.9,20.0,0.0,0.0,159,21.6,1009.5,2.930860167012969e-05
Lake,LAKE-1,SO2TONS,TONS,2/24/2022,0.002848228,SO2 in TONS,11.2,0.6,14.4,0.0,0.0,321,18.0,1014.1,4.641503630111973e-05
Lake,LAKE-1,SO2TONS,TONS,2/25/2022,0.004477285,SO2 in TONS,6.4,-1.0,15.6,0.0,0.0,76,8.3,1018.6,5.918523314959451e-05
Lake,LAKE-1,SO2TONS,TONS,2/26/2022,0.003201619,SO2 in TONS,8.8,0.0,20.6,0.0,0.0,312,8.3,1018.5,4.2562454477356414e-05
Lake,LAKE-1,SO2TONS,TONS,2/27/2022,0.001874503,SO2 in TONS,10.9,1.7,18.3,0.0,0.0,13,10.8,1024.4,3.088857423844202e-05
Lake,LAKE-1,SO2TONS,TONS,2/28/2022,6.80439e-05,SO2 in TONS,10.3,3.3,20.0,0.0,0.0,16,12.6,1020.6,6.146589374862838e-06
Lake,LAKE-1,SO2TONS,TONS,3/28/2022,2.72592e-05,SO2 in TONS,22.3,13.9,29.4,0.0,0.0,243,16.2,1007.8,1.2362607602219627e-05
Lake,LAKE-1,SO2TONS,TONS,4/5/2022,0.001011551,SO2 in TONS,22.5,15.0,30.6,0.0,0.0,270,29.9,1002.8,1.3562556267273716e-05
Lake,LAKE-1,SO2TONS,TONS,4/10/2022,0.001796261,SO2 in TONS,24.2,18.9,28.9,0.0,0.0,248,36.0,1002.0,2.3835374270564303e-05
Lake,LAKE-1,SO2TONS,TONS,4/11/2022,0.001411437,SO2 in TONS,22.6,16.1,29.4,0.0,0.0,236,30.6,1003.6,2.2447952934218707e-05
Lake,LAKE-1,SO2TONS,TONS,4/12/2022,0.001171681,SO2 in TONS,22.5,16.1,27.2,0.0,0.0,237,38.5,1001.3,2.079113991311508e-05
Lake,LAKE-1,SO2TONS,TONS,4/18/2022,0.0021852,SO2 in TONS,21.4,7.2,33.9,0.0,0.0,87,13.7,1011.2,2.999928930019766e-05
Lake,LAKE-1,SO2TONS,TONS,4/19/2022,0.002238345,SO2 in TONS,24.7,15.6,32.8,0.0,0.0,315,18.4,1006.2,3.874567761171378e-05
Lake,LAKE-1,SO2TONS,TONS,4/20/2022,0.001885562,SO2 in TONS,26.5,19.4,33.3,0.0,0.0,253,21.6,1005.2,2.8264930255489135e-05
Lake,LAKE-1,SO2TONS,TONS,4/21/2022,0.001277085,SO2 in TONS,26.1,15.6,32.2,0.0,0.0,211,14.4,1008.4,2.603789045007522e-05
Lake,LAKE-1,SO2TONS,TONS,4/22/2022,0.001503375,SO2 in TONS,26.1,18.3,33.3,0.0,0.0,223,32.0,1004.6,2.7146751919396885e-05
Lake,LAKE-1,SO2TONS,TONS,4/24/2022,0.001359808,SO2 in TONS,19.7,8.3,27.2,0.0,0.0,322,13.3,1007.5,2.1255939451035376e-05
Lake,LAKE-1,SO2TONS,TONS,4/26/2022,0.000991115,SO2 in TONS,18.9,11.7,27.2,0.0,0.0,113,18.7,1016.7,1.727969872388532e-05
Lake,LAKE-1,SO2TONS,TONS,4/27/2022,0.002249453,SO2 in TONS,22.7,16.1,32.8,0.0,0.0,271,14.0,1009.0,3.231515700756183e-05
Lake,LAKE-1,SO2TONS,TONS,4/29/2022,0.001892264,SO2 in TONS,25.2,20.0,29.4,0.0,0.0,282,24.1,1004.1,2.4546080051799013e-05
Lake,LAKE-1,SO2TONS,TONS,4/30/2022,0.003246542,SO2 in TONS,22.7,10.6,30.0,0.0,0.0,80,12.2,1007.0,5.720669373614333e-05
Lake,LAKE-1,SO2TONS,TONS,5/1/2022,0.000581179,SO2 in TONS,23.7,15.6,32.8,0.0,0.0,261,18.0,1003.7,1.1935289577648165e-05
Lake,LAKE-1,SO2TONS,TONS,6/1/2022,0.000792686,SO2 in TONS,28.8,17.2,37.8,0.0,0.0,3,13.3,1004.1,2.353671604271534e-05
Lake,LAKE-1,SO2TONS,TONS,6/2/2022,0.001598723,SO2 in TONS,26.8,20.0,33.9,3.0,0.0,81,12.2,1007.1,2.5035012433961853e-05
Lake,LAKE-1,SO2TONS,TONS,6/3/2022,0.001920576,SO2 in TONS,25.8,18.3,36.7,0.0,0.0,174,13.3,1005.3,3.009631935423201e-05
Lake,LAKE-1,SO2TONS,TONS,6/4/2022,0.001819337,SO2 in TONS,30.6,20.0,36.7,0.0,0.0,300,16.9,1003.5,2.6995519286754457e-05
Lake,LAKE-1,SO2TONS,TONS,6/5/2022,0.001612686,SO2 in TONS,30.8,23.3,36.7,0.0,0.0,288,18.4,1002.6,2.39954354063184e-05
Lake,LAKE-1,SO2TONS,TONS,6/6/2022,0.00132522,SO2 in TONS,31.8,23.9,38.3,0.0,0.0,268,18.0,1002.0,1.9809861859929547e-05
Lake,LAKE-1,SO2TONS,TONS,6/7/2022,0.002850276,SO2 in TONS,33.3,26.1,40.0,0.0,0.0,253,16.2,1003.0,4.868400250596262e-05
Lake,LAKE-1,SO2TONS,TONS,6/8/2022,0.002438763,SO2 in TONS,32.7,24.4,41.1,0.0,0.0,38,19.4,1004.6,3.8535583082874616e-05
Lake,LAKE-1,SO2TONS,TONS,6/9/2022,0.002313053,SO2 in TONS,29.2,22.2,37.2,0.0,0.0,69,9.4,1008.4,3.511252724128697e-05
Lake,LAKE-1,SO2TONS,TONS,6/10/2022,0.00286352,SO2 in TONS,31.4,22.2,40.6,0.0,0.0,292,7.2,1006.3,4.121200645264781e-05
Lake,LAKE-1,SO2TONS,TONS,6/11/2022,0.002407532,SO2 in TONS,33.4,24.4,41.7,0.0,0.0,227,9.4,1004.4,3.847157193170768e-05
Lake,LAKE-1,SO2TONS,TONS,6/12/2022,0.002918714,SO2 in TONS,35.4,26.1,41.1,0.0,0.0,299,18.4,1003.3,5.1701925352432e-05
Lake,LAKE-1,SO2TONS,TONS,6/13/2022,0.003451983,SO2 in TONS,34.9,28.3,40.6,0.0,0.0,283,22.7,1002.3,5.642363551055916e-05
Lake,LAKE-1,SO2TONS,TONS,6/14/2022,0.000607255,SO2 in TONS,32.8,26.7,38.9,0.0,0.0,256,20.5,1003.5,1.1822711769336829e-05
Lake,LAKE-1,SO2TONS,TONS,6/15/2022,0.002876451,SO2 in TONS,31.6,22.8,38.9,0.0,0.0,203,11.9,1005.0,4.143387634346931e-05
Lake,LAKE-1,SO2TONS,TONS,6/16/2022,0.002185527,SO2 in TONS,32.6,23.3,39.4,0.5,0.0,109,15.8,1007.1,3.96591284151506e-05
Lake,LAKE-1,SO2TONS,TONS,6/17/2022,0.001942193,SO2 in TONS,29.5,22.2,37.2,0.0,0.0,155,14.4,1007.6,2.988305579234199e-05
Lake,LAKE-1,SO2TONS,TONS,6/18/2022,0.002550151,SO2 in TONS,30.4,22.8,37.2,0.0,0.0,275,15.8,1006.9,3.801384370613372e-05
Lake,LAKE-1,SO2TONS,TONS,6/19/2022,0.002140234,SO2 in TONS,31.1,20.0,35.6,9.7,0.0,354,15.8,1008.9,3.379498393383532e-05
Lake,LAKE-1,SO2TONS,TONS,6/24/2022,0.002592919,SO2 in TONS,29.2,22.2,35.6,0.0,0.0,327,11.5,1007.8,3.559897511761575e-05
Lake,LAKE-1,SO2TONS,TONS,6/25/2022,0.000997382,SO2 in TONS,29.9,23.9,36.7,0.0,0.0,9,13.0,1009.2,1.555089986341626e-05
Lake,LAKE-1,SO2TONS,TONS,6/26/2022,0.001792502,SO2 in TONS,28.0,21.7,33.3,0.0,0.0,60,23.4,1014.3,2.4187412262806843e-05
Lake,LAKE-1,SO2TONS,TONS,6/28/2022,0.001393919,SO2 in TONS,27.3,21.7,33.9,0.0,0.0,54,16.6,1015.9,2.147000735304228e-05
Lake,LAKE-1,SO2TONS,TONS,6/29/2022,0.001148295,SO2 in TONS,28.4,22.2,34.4,5.6,0.0,102,12.2,1014.8,1.918583679728556e-05
Lake,LAKE-1,SO2TONS,TONS,6/30/2022,0.001817095,SO2 in TONS,27.7,22.2,36.1,0.0,0.0,123,7.6,1011.3,2.766441900354991e-05
Lake,LAKE-1,SO2TONS,TONS,7/1/2022,0.001619663,SO2 in TONS,30.4,23.9,36.7,0.0,0.0,286,10.8,1008.1,2.420469041724637e-05
Lake,LAKE-1,SO2TONS,TONS,7/3/2022,0.000683809,SO2 in TONS,29.4,22.2,36.7,0.0,0.0,96,10.1,1007.6,1.0393107066705792e-05
Lake,LAKE-1,SO2TONS,TONS,7/4/2022,0.00084488,SO2 in TONS,30.0,22.2,36.7,0.0,0.0,151,14.4,1008.5,1.6704090630230383e-05
Lake,LAKE-1,SO2TONS,TONS,7/5/2022,0.000646774,SO2 in TONS,26.5,21.7,35.0,0.0,0.0,331,9.4,1010.1,1.3294762039279926e-05
Lake,LAKE-1,SO2TONS,TONS,7/6/2022,0.002450675,SO2 in TONS,29.6,23.9,36.7,0.0,0.0,216,13.3,1009.3,3.4864061572979866e-05
Lake,LAKE-1,SO2TONS,TONS,7/7/2022,0.002871074,SO2 in TONS,30.3,22.8,37.2,2.3,0.0,163,10.8,1009.8,4.182848480126278e-05
Lake,LAKE-1,SO2TONS,TONS,7/8/2022,0.002258784,SO2 in TONS,27.1,21.7,36.7,0.3,0.0,97,11.9,1013.4,3.287560498920828e-05
Lake,LAKE-1,SO2TONS,TONS,7/9/2022,0.002430062,SO2 in TONS,30.8,23.3,38.3,0.0,0.0,62,13.0,1014.7,4.054919864466424e-05
Lake,LAKE-1,SO2TONS,TONS,7/10/2022,0.002688436,SO2 in TONS,30.3,24.4,37.2,1.0,0.0,25,9.0,1013.0,3.800558470282287e-05
Lake,LAKE-1,SO2TONS,TONS,7/11/2022,0.002398642,SO2 in TONS,29.6,22.2,38.3,0.8,0.0,137,7.2,1008.9,3.910707653405143e-05
Lake,LAKE-1,SO2TONS,TONS,7/12/2022,0.001787492,SO2 in TONS,31.1,24.4,37.8,0.0,0.0,71,14.0,1009.4,3.066621731436035e-05
Lake,LAKE-1,SO2TONS,TONS,7/14/2022,0.002624552,SO2 in TONS,30.7,23.9,36.7,0.0,0.0,127,10.8,1011.5,3.847756475993559e-05
Lake,LAKE-1,SO2TONS,TONS,7/15/2022,0.003019883,SO2 in TONS,31.7,23.3,38.9,0.0,0.0,87,11.2,1011.3,4.063168752304112e-05
Lake,LAKE-1,SO2TONS,TONS,7/16/2022,0.00338493,SO2 in TONS,31.4,22.8,37.8,0.0,0.0,127,12.2,1009.7,4.266920971978295e-05
Lake,LAKE-1,SO2TONS,TONS,7/17/2022,0.003262149,SO2 in TONS,31.6,24.4,38.3,0.0,0.0,96,10.8,1008.6,4.948687245480062e-05
Lake,LAKE-1,SO2TONS,TONS,7/18/2022,0.002255675,SO2 in TONS,32.2,23.9,40.0,0.0,0.0,64,9.7,1009.2,3.944557889760893e-05
Lake,LAKE-1,SO2TONS,TONS,7/19/2022,0.001566584,SO2 in TONS,33.6,25.0,41.7,0.0,0.0,179,9.0,1007.3,3.484060833900703e-05
Lake,LAKE-1,SO2TONS,TONS,7/20/2022,0.00195384,SO2 in TONS,34.9,28.3,42.2,0.0,0.0,338,15.1,1006.7,3.0290091543233263e-05
Lake,LAKE-1,SO2TONS,TONS,7/21/2022,0.00198725,SO2 in TONS,33.7,27.2,40.6,0.0,0.0,69,13.7,1007.0,3.0409875579465783e-05
Lake,LAKE-1,SO2TONS,TONS,7/22/2022,0.002187458,SO2 in TONS,32.6,27.2,38.3,0.0,0.0,153,14.0,1007.5,3.265127379722525e-05
Lake,LAKE-1,SO2TONS,TONS,7/23/2022,0.002051671,SO2 in TONS,32.0,25.0,38.3,0.0,0.0,130,10.8,1007.7,3.2231816438424554e-05
Lake,LAKE-1,SO2TONS,TONS,7/25/2022,0.001623936,SO2 in TONS,28.8,22.2,35.6,1.3,0.0,235,13.7,1009.2,2.352622985817957e-05
Lake,LAKE-1,SO2TONS,TONS,7/26/2022,0.0004318,SO2 in TONS,28.2,21.1,35.0,0.0,0.0,212,16.9,1010.1,1.115715553673372e-05
Lake,LAKE-1,SO2TONS,TONS,7/28/2022,0.002413057,SO2 in TONS,28.7,21.7,36.1,0.0,0.0,138,10.4,1009.1,3.535629685563879e-05
Lake,LAKE-1,SO2TONS,TONS,7/29/2022,0.002107346,SO2 in TONS,29.2,22.2,35.6,0.0,0.0,14,11.9,1009.8,3.239616777962358e-05
Lake,LAKE-1,SO2TONS,TONS,7/30/2022,0.002211996,SO2 in TONS,28.2,22.2,36.1,0.0,0.0,71,10.8,1011.3,2.9464358437901824e-05
Lake,LAKE-1,SO2TONS,TONS,7/31/2022,0.001752955,SO2 in TONS,30.4,22.8,37.8,0.0,0.0,17,14.4,1011.7,2.547124149982581e-05
Lake,LAKE-1,SO2TONS,TONS,8/1/2022,0.00228707,SO2 in TONS,31.8,23.9,40.0,0.0,0.0,81,8.6,1009.8,3.2550355155839605e-05
Lake,LAKE-1,SO2TONS,TONS,8/2/2022,0.002816843,SO2 in TONS,32.1,23.9,39.4,2.8,0.0,66,12.6,1007.5,4.206465855829827e-05
Lake,LAKE-1,SO2TONS,TONS,8/3/2022,0.003991753,SO2 in TONS,31.0,22.2,38.9,0.3,0.0,178,15.1,1006.1,5.886230857992741e-05
Lake,LAKE-1,SO2TONS,TONS,8/4/2022,0.000954733,SO2 in TONS,29.1,20.0,37.8,0.8,0.0,353,12.6,1009.5,1.6110753080313814e-05
Lake,LAKE-1,SO2TONS,TONS,8/5/2022,0.002085165,SO2 in TONS,30.3,22.2,38.3,0.0,0.0,20,13.3,1008.9,3.3406536916434434e-05
Lake,LAKE-1,SO2TONS,TONS,8/6/2022,0.002622516,SO2 in TONS,31.1,24.4,37.8,0.0,0.0,89,13.3,1008.5,3.89873861682066e-05
Lake,LAKE-1,SO2TONS,TONS,8/7/2022,0.001126065,SO2 in TONS,30.7,24.4,37.2,0.0,0.0,60,9.0,1010.5,2.3073230524987036e-05
Lake,LAKE-1,SO2TONS,TONS,8/8/2022,0.002771613,SO2 in TONS,27.7,21.7,34.4,0.0,0.0,55,8.6,1011.9,3.827765535678289e-05
Lake,LAKE-1,SO2TONS,TONS,8/9/2022,0.002539135,SO2 in TONS,28.3,21.7,35.6,0.0,0.0,51,11.2,1011.9,4.229631110007567e-05
Lake,LAKE-1,SO2TONS,TONS,8/10/2022,0.001405736,SO2 in TONS,28.3,21.7,36.1,0.0,0.0,53,14.4,1013.5,2.4614530632746746e-05
Lake,LAKE-1,SO2TONS,TONS,8/14/2022,0.00132094,SO2 in TONS,29.7,22.2,36.7,0.0,0.0,87,9.4,1009.5,2.190006743809553e-05
Lake,LAKE-1,SO2TONS,TONS,8/15/2022,0.002218304,SO2 in TONS,30.8,22.8,36.7,0.0,0.0,118,12.6,1006.9,3.207742044743181e-05
Lake,LAKE-1,SO2TONS,TONS,8/16/2022,0.00305309,SO2 in TONS,27.7,20.0,32.2,0.8,0.0,62,15.8,1009.1,4.129725506150523e-05
Lake,LAKE-1,SO2TONS,TONS,8/17/2022,0.002247942,SO2 in TONS,21.8,19.4,25.6,23.1,0.0,46,13.0,1012.7,3.4679134135412404e-05
Lake,LAKE-1,SO2TONS,TONS,8/18/2022,0.001394159,SO2 in TONS,23.6,21.1,29.4,0.0,0.0,63,15.1,1012.1,2.108146984169294e-05
Lake,LAKE-1,SO2TONS,TONS,8/19/2022,0.000971738,SO2 in TONS,24.8,20.0,30.0,11.4,0.0,112,13.0,1009.1,1.5189447093108929e-05
Lake,LAKE-1,SO2TONS,TONS,8/20/2022,0.00134264,SO2 in TONS,23.7,19.4,29.4,18.8,0.0,174,15.5,1010.0,2.1510311317642752e-05
Lake,LAKE-1,SO2TONS,TONS,8/21/2022,0.000442958,SO2 in TONS,23.4,21.1,29.4,0.5,0.0,277,10.8,1012.8,7.842982953631608e-06
Lake,LAKE-1,SO2TONS,TONS,8/22/2022,0.002864249,SO2 in TONS,24.8,21.7,31.7,11.7,0.0,53,6.1,1012.7,4.443537996679372e-05
Lake,LAKE-1,SO2TONS,TONS,8/24/2022,0.002113469,SO2 in TONS,24.9,21.7,29.4,0.0,0.0,72,10.4,1012.1,3.009810019466125e-05
Lake,LAKE-1,SO2TONS,TONS,8/25/2022,0.00277557,SO2 in TONS,25.3,20.6,31.7,0.0,0.0,43,10.4,1013.6,3.7369440338581584e-05
Lake,LAKE-1,SO2TONS,TONS,8/26/2022,0.003216781,SO2 in TONS,26.8,21.1,32.8,0.0,0.0,102,8.6,1011.4,4.3138437208637023e-05
Lake,LAKE-1,SO2TONS,TONS,8/27/2022,0.003145596,SO2 in TONS,27.5,21.7,34.4,0.0,0.0,154,9.0,1007.4,4.262669082817139e-05
Lake,LAKE-1,SO2TONS,TONS,8/28/2022,0.002827346,SO2 in TONS,27.0,22.8,35.6,0.0,0.0,226,9.4,1005.2,4.067378545756991e-05
Lake,LAKE-1,SO2TONS,TONS,8/29/2022,0.002074326,SO2 in TONS,28.9,22.2,36.1,0.0,0.0,37,10.8,1007.1,3.540708683451672e-05
Lake,LAKE-1,SO2TONS,TONS,8/31/2022,0.00154344,SO2 in TONS,23.7,20.6,27.8,1.0,0.0,77,13.0,1014.5,2.4938732076486245e-05
Lake,LAKE-1,SO2TONS,TONS,9/1/2022,0.002851279,SO2 in TONS,22.6,20.0,27.8,0.0,0.0,60,12.6,1012.6,3.4749170307176255e-05
Lake,LAKE-1,SO2TONS,TONS,9/2/2022,0.002995257,SO2 in TONS,24.3,20.6,31.7,0.0,0.0,62,8.6,1012.0,4.463331153743681e-05
Lake,LAKE-1,SO2TONS,TONS,9/3/2022,0.003311494,SO2 in TONS,25.3,21.1,31.1,0.0,0.0,74,15.5,1015.1,4.983048513268231e-05
Lake,LAKE-1,SO2TONS,TONS,9/4/2022,0.003044395,SO2 in TONS,25.6,20.0,31.1,0.0,0.0,73,13.7,1014.2,4.32854267190576e-05
Lake,LAKE-1,SO2TONS,TONS,9/5/2022,0.002652356,SO2 in TONS,25.0,18.3,32.2,0.0,0.0,111,7.9,1012.0,4.085148248627224e-05
Lake,LAKE-1,SO2TONS,TONS,9/6/2022,0.003362793,SO2 in TONS,25.9,17.2,33.3,0.0,0.0,85,9.4,1014.6,5.005363948980623e-05
Lake,LAKE-1,SO2TONS,TONS,9/7/2022,0.00083892,SO2 in TONS,26.1,18.3,32.8,0.0,0.0,62,12.2,1015.9,1.536059917858894e-05
Lake,LAKE-1,SO2TONS,TONS,9/24/2022,4.3257e-05,SO2 in TONS,27.6,18.9,35.6,0.0,0.0,339,9.4,1011.3,4.659107794962653e-06
Lake,LAKE-1,SO2TONS,TONS,9/27/2022,0.001482203,SO2 in TONS,24.5,16.7,31.1,0.0,0.0,98,11.9,1016.2,2.555283533552536e-05
Lake,LAKE-1,SO2TONS,TONS,9/28/2022,0.002841824,SO2 in TONS,25.0,17.2,31.1,0.0,0.0,87,14.8,1017.8,3.692097251037688e-05
Lake,LAKE-1,SO2TONS,TONS,10/4/2022,0.002673248,SO2 in TONS,22.0,14.4,28.3,5.1,0.0,15,8.6,1012.9,3.496231849128427e-05
Lake,LAKE-1,SO2TONS,TONS,10/5/2022,0.000117647,SO2 in TONS,20.5,16.1,27.2,1.3,0.0,34,7.2,1015.3,6.620810266305037e-06
Lake,LAKE-1,SO2TONS,TONS,10/7/2022,0.001043462,SO2 in TONS,18.6,16.1,21.7,11.4,0.0,9,13.3,1020.0,1.929936935655636e-05
Lake,LAKE-1,SO2TONS,TONS,10/12/2022,0.001387779,SO2 in TONS,22.1,15.0,29.4,0.0,0.0,330,6.8,1014.1,2.099837383381579e-05
Lake,LAKE-1,SO2TONS,TONS,10/14/2022,4.91616e-05,SO2 in TONS,21.4,14.4,27.2,0.0,0.0,329,5.8,1010.2,2.47358979762148e-06
Lake,LAKE-1,SO2TONS,TONS,10/18/2022,0.002141263,SO2 in TONS,14.7,10.6,20.6,0.0,0.0,68,8.3,1021.1,3.7482145089259656e-05
Lake,LAKE-1,SO2TONS,TONS,10/19/2022,2.7999e-05,SO2 in TONS,14.5,8.9,22.8,0.0,0.0,29,6.8,1022.3,1.414350420963604e-06
Lake,LAKE-1,SO2TONS,TONS,10/22/2022,0.000925879,SO2 in TONS,23.5,17.8,29.4,0.0,0.0,236,19.1,1005.4,1.564587811111355e-05
Lake,LAKE-1,SO2TONS,TONS,10/26/2022,7.41e-07,SO2 in TONS,14.3,5.0,23.9,0.0,0.0,246,10.1,1011.5,1.767405427673399e-07
Lake,LAKE-1,SO2TONS,TONS,11/2/2022,0.00206435,SO2 in TONS,17.6,8.9,26.1,0.0,0.0,216,9.7,1013.2,4.679245920258734e-05
Lake,LAKE-1,SO2TONS,TONS,11/4/2022,0.000894026,SO2 in TONS,12.9,6.7,15.6,0.0,0.0,280,24.1,1013.4,1.6351978352366152e-05
Lake,LAKE-1,SO2TONS,TONS,11/5/2022,0.001151172,SO2 in TONS,11.1,2.8,20.0,0.0,0.0,210,12.6,1012.4,1.880042278508451e-05
Lake,LAKE-1,SO2TONS,TONS,11/6/2022,0.003286946,SO2 in TONS,16.3,6.7,25.6,0.0,0.0,194,6.8,1011.4,4.99128137057889e-05
Lake,LAKE-1,SO2TONS,TONS,11/9/2022,0.002547834,SO2 in TONS,17.4,7.8,27.2,0.0,0.0,239,14.4,1010.8,4.595034729589233e-05
Lake,LAKE-1,SO2TONS,TONS,11/15/2022,0.001456634,SO2 in TONS,8.7,1.7,15.0,0.0,0.0,60,7.9,1019.6,2.033223404816885e-05
Lake,LAKE-1,SO2TONS,TONS,11/16/2022,0.001291407,SO2 in TONS,7.9,3.9,12.8,0.0,0.0,62,15.5,1024.5,2.136013671019428e-05
Lake,LAKE-1,SO2TONS,TONS,11/18/2022,0.00129404,SO2 in TONS,7.5,1.7,14.4,0.0,0.0,57,14.4,1017.8,1.840447299146227e-05
Lake,LAKE-1,SO2TONS,TONS,11/19/2022,0.00467556,SO2 in TONS,5.4,2.2,8.9,0.0,0.0,69,16.2,1023.3,6.553256178793622e-05
Lake,LAKE-1,SO2TONS,TONS,11/20/2022,0.001439457,SO2 in TONS,5.2,1.7,10.0,0.0,0.0,72,5.0,1024.3,2.104576064250876e-05
Lake,LAKE-1,SO2TONS,TONS,11/21/2022,0.003512162,SO2 in TONS,5.6,-2.7,15.6,0.0,0.0,23,6.5,1023.4,6.106586946092542e-05
Lake,LAKE-1,SO2TONS,TONS,11/27/2022,0.001475808,SO2 in TONS,13.9,7.2,18.9,0.0,0.0,283,16.9,1012.6,2.1478330033014725e-05
Lake,LAKE-1,SO2TONS,TONS,11/28/2022,0.00469491,SO2 in TONS,12.3,5.6,19.4,0.0,0.0,216,21.2,1009.1,6.584849792171614e-05
Lake,LAKE-1,SO2TONS,TONS,11/29/2022,0.00447669,SO2 in TONS,15.8,8.3,21.7,0.0,0.0,232,18.4,1008.3,6.738710873713075e-05
Lake,LAKE-1,SO2TONS,TONS,11/30/2022,0.00510018,SO2 in TONS,11.6,3.9,18.9,0.0,0.0,44,7.9,1017.6,6.450124984118787e-05
Lake,LAKE-1,SO2TONS,TONS,12/1/2022,0.004014344,SO2 in TONS,9.4,1.7,19.4,0.0,0.0,30,6.5,1017.0,5.732999815453356e-05
Lake,LAKE-1,SO2TONS,TONS,12/2/2022,0.00481134,SO2 in TONS,14.3,6.1,26.1,0.0,0.0,200,16.9,1015.7,6.573324664930785e-05
Lake,LAKE-1,SO2TONS,TONS,12/3/2022,0.004558501,SO2 in TONS,15.8,7.8,20.0,0.0,0.0,62,9.0,1021.2,6.629336193662928e-05
Lake,LAKE-1,SO2TONS,TONS,12/5/2022,0.001349375,SO2 in TONS,16.1,12.2,22.2,0.0,0.0,217,14.0,1011.1,2.1283057162793195e-05
Lake,LAKE-1,SO2TONS,TONS,12/6/2022,0.001366271,SO2 in TONS,16.4,9.4,22.2,0.0,0.0,244,8.6,1011.8,2.625496778127216e-05
Lake,LAKE-1,SO2TONS,TONS,12/7/2022,0.001806036,SO2 in TONS,15.2,10.0,17.2,0.3,0.0,127,7.2,1016.7,3.086212067238637e-05
Lake,LAKE-1,SO2TONS,TONS,12/8/2022,0.001104802,SO2 in TONS,12.9,7.2,20.0,0.0,0.0,13,6.8,1019.1,2.0951550754193834e-05
Lake,LAKE-1,SO2TONS,TONS,12/9/2022,0.003120096,SO2 in TONS,12.7,8.3,16.7,0.0,0.0,29,10.8,1015.1,4.587483646425409e-05
Lake,LAKE-1,SO2TONS,TONS,12/10/2022,0.00130662,SO2 in TONS,11.7,5.0,20.6,0.0,0.0,2,8.3,1016.3,1.84109821922757e-05
Lake,LAKE-1,SO2TONS,TONS,12/11/2022,0.001199611,SO2 in TONS,10.2,0.6,20.6,0.0,0.0,357,6.8,1015.0,1.8242214598413695e-05
Lake,LAKE-1,SO2TONS,TONS,12/17/2022,2.53041e-05,SO2 in TONS,3.8,-1.6,10.6,0.0,0.0,25,11.5,1018.7,7.777256468427198e-05
Lake,LAKE-1,SO2TONS,TONS,12/19/2022,1.50828e-05,SO2 in TONS,4.2,-3.2,14.4,0.0,0.0,32,6.1,1020.7,5.774652910923863e-06
Lake,LAKE-1,SO2TONS,TONS,12/21/2022,0.001398273,SO2 in TONS,7.4,0.6,16.1,0.0,0.0,311,10.8,1016.0,2.1476652477941992e-05
Lake,LAKE-1,SO2TONS,TONS,12/22/2022,0.001653593,SO2 in TONS,13.3,-2.7,20.0,0.0,0.0,274,22.0,1013.5,2.37802319826644e-05
Lake,LAKE-1,SO2TONS,TONS,12/23/2022,0.00156922,SO2 in TONS,0.6,-7.7,2.8,0.0,0.0,91,11.2,1027.3,2.5828950409961933e-05
Lake,LAKE-1,SO2TONS,TONS,12/24/2022,0.00158533,SO2 in TONS,-1.1,-6.0,10.0,0.0,0.0,40,4.7,1027.5,2.969292077969136e-05
Lake,LAKE-1,SO2TONS,TONS,12/25/2022,0.001624949,SO2 in TONS,3.2,-5.5,14.4,0.0,0.0,69,6.5,1024.6,2.3838051591174645e-05
Lake,LAKE-1,SO2TONS,TONS,12/26/2022,0.00270123,SO2 in TONS,6.3,-3.2,17.8,0.0,0.0,43,7.9,1023.5,4.566520578192153e-05
Lake,LAKE-1,SO2TONS,TONS,12/30/2022,0.00150716,SO2 in TONS,10.2,6.1,14.4,4.1,0.0,309,13.0,1014.0,2.1428318259425303e-05
Lake,LAKE-1,SO2TONS,TONS,12/31/2022,0.001635211,SO2 in TONS,12.1,7.2,17.8,0.0,0.0,237,19.1,1012.7,2.7821478608026356e-05
Lake,LAKE-1,SO2TONS,TONS,1/1/2023,0.001443144,SO2 in TONS,12.6,6.7,19.4,0.0,0.0,172,11.5,1008.3,2.4361222470885236e-05
Lake,LAKE-1,SO2TONS,TONS,1/2/2023,0.002349849,SO2 in TONS,11.2,4.4,14.4,2.0,0.0,289,21.6,1007.9,3.8284782822588166e-05
Lake,LAKE-1,SO2TONS,TONS,1/3/2023,0.001139896,SO2 in TONS,8.4,5.0,13.3,0.0,0.0,301,21.6,1013.9,1.8970872098156334e-05
Lake,LAKE-1,SO2TONS,TONS,1/4/2023,0.002705478,SO2 in TONS,9.7,4.4,15.0,0.0,0.0,242,18.4,1019.4,4.73767994774986e-05
Lake,LAKE-1,SO2TONS,TONS,1/5/2023,0.001481611,SO2 in TONS,9.1,2.2,18.3,0.0,0.0,23,6.8,1021.1,2.9721124413082235e-05
Lake,LAKE-1,SO2TONS,TONS,1/6/2023,0.001522785,SO2 in TONS,10.4,1.1,21.7,0.0,0.0,248,8.3,1017.0,2.9213459217080303e-05
Lake,LAKE-1,SO2TONS,TONS,1/7/2023,0.003142744,SO2 in TONS,11.4,4.4,16.7,0.0,0.0,15,13.3,1021.4,4.7357915241119865e-05
Lake,LAKE-1,SO2TONS,TONS,1/8/2023,0.000907584,SO2 in TONS,8.7,0.6,19.4,0.0,0.0,10,7.9,1021.7,2.282289470299171e-05
Lake,LAKE-1,SO2TONS,TONS,1/9/2023,0.001910758,SO2 in TONS,10.8,2.2,21.1,0.0,0.0,300,9.7,1019.8,3.244123205560809e-05
Lake,LAKE-1,SO2TONS,TONS,1/10/2023,0.002102422,SO2 in TONS,12.8,5.0,20.6,0.0,0.0,220,10.4,1017.5,3.852801590410472e-05
Lake,LAKE-1,SO2TONS,TONS,1/11/2023,0.003585608,SO2 in TONS,13.2,6.1,18.9,0.0,0.0,243,19.1,1019.1,5.537709262304989e-05
Lake,LAKE-1,SO2TONS,TONS,1/12/2023,0.00469599,SO2 in TONS,10.2,0.0,15.6,0.0,0.0,28,13.7,1029.5,6.679621064483526e-05
Lake,LAKE-1,SO2TONS,TONS,1/13/2023,0.00497301,SO2 in TONS,6.5,-3.2,17.8,0.0,0.0,18,7.6,1027.3,6.548059984111671e-05
Lake,LAKE-1,SO2TONS,TONS,1/14/2023,0.00443316,SO2 in TONS,7.6,-2.7,20.0,0.0,0.0,79,9.0,1018.3,6.797822496796538e-05
Lake,LAKE-1,SO2TONS,TONS,1/15/2023,0.00459465,SO2 in TONS,15.6,12.2,20.0,0.0,0.0,228,30.2,1010.6,6.650827438819392e-05
Lake,LAKE-1,SO2TONS,TONS,1/16/2023,0.00498768,SO2 in TONS,11.1,8.3,11.7,1.0,0.0,271,15.5,1012.6,6.493355105285196e-05
Lake,LAKE-1,SO2TONS,TONS,1/17/2023,0.00507339,SO2 in TONS,10.7,6.7,13.9,1.0,0.0,235,13.7,1006.8,6.431259421263307e-05
Lake,LAKE-1,SO2TONS,TONS,1/18/2023,0.00484221,SO2 in TONS,6.7,0.6,10.6,0.0,0.0,257,23.0,1013.2,6.559703048201892e-05
Lake,LAKE-1,SO2TONS,TONS,1/19/2023,0.00455214,SO2 in TONS,4.9,-2.1,10.6,0.0,0.0,81,5.4,1017.5,6.734748750834588e-05
Lake,LAKE-1,SO2TONS,TONS,1/20/2023,0.00461211,SO2 in TONS,6.0,-4.3,17.8,0.0,0.0,313,13.0,1014.4,6.65391083423534e-05
Lake,LAKE-1,SO2TONS,TONS,1/21/2023,0.003350913,SO2 in TONS,7.1,-2.1,11.1,0.0,0.0,301,10.8,1016.5,6.061052725358869e-05
Lake,LAKE-1,SO2TONS,TONS,1/22/2023,0.00289501,SO2 in TONS,5.3,-3.8,13.3,0.0,0.0,88,5.8,1013.4,5.033988403755498e-05
Lake,LAKE-1,SO2TONS,TONS,1/23/2023,0.00448506,SO2 in TONS,8.9,2.2,17.2,1.8,0.0,324,12.2,1006.4,6.624830379174182e-05
Lake,LAKE-1,SO2TONS,TONS,1/24/2023,0.003239423,SO2 in TONS,5.4,0.6,11.1,0.0,0.0,292,19.1,1015.0,4.850742708565679e-05
Lake,LAKE-1,SO2TONS,TONS,1/25/2023,0.002689145,SO2 in TONS,6.1,-1.0,12.2,0.0,0.0,349,10.4,1019.8,4.903279390884351e-05
Lake,LAKE-1,SO2TONS,TONS,1/26/2023,0.00456021,SO2 in TONS,4.1,-1.6,9.4,0.0,0.0,35,12.6,1024.5,6.64639722159903e-05
Lake,LAKE-1,SO2TONS,TONS,1/27/2023,0.00476088,SO2 in TONS,2.8,-6.6,12.2,0.0,0.0,306,7.2,1020.0,6.535357822097755e-05
Lake,LAKE-1,SO2TONS,TONS,1/28/2023,0.003667205,SO2 in TONS,6.8,-2.7,18.9,0.0,0.0,257,10.8,1013.0,5.8186109092258286e-05
Lake,LAKE-1,SO2TONS,TONS,1/29/2023,0.003379493,SO2 in TONS,10.0,1.1,20.0,0.0,0.0,214,8.6,1011.6,5.54171762540338e-05
Lake,LAKE-1,SO2TONS,TONS,1/30/2023,0.00493221,SO2 in TONS,12.1,3.3,21.7,0.0,0.0,225,11.9,1011.1,6.457276841608241e-05
Lake,LAKE-1,SO2TONS,TONS,1/31/2023,0.00460185,SO2 in TONS,11.7,2.2,15.6,0.0,0.0,166,11.9,1013.3,6.613363985269309e-05
Lake,LAKE-1,SO2TONS,TONS,2/1/2023,0.00478164,SO2 in TONS,5.3,0.6,11.7,0.0,0.0,75,6.1,1017.1,6.60666981360708e-05
Lake,LAKE-1,SO2TONS,TONS,2/2/2023,0.0047991,SO2 in TONS,6.7,-0.5,17.2,0.0,0.0,18,6.5,1024.1,6.647508568488394e-05
Lake,LAKE-1,SO2TONS,TONS,2/3/2023,0.00497598,SO2 in TONS,8.3,-1.0,16.7,0.0,0.0,75,8.3,1027.2,6.516900888616679e-05
Lake,LAKE-1,SO2TONS,TONS,2/4/2023,0.003424289,SO2 in TONS,9.9,1.1,20.6,0.0,0.0,359,6.8,1020.8,5.56797224020449e-05
Lake,LAKE-1,SO2TONS,TONS,2/5/2023,0.003292288,SO2 in TONS,12.1,1.7,24.4,0.0,0.0,218,7.9,1017.3,5.251196514360855e-05
Lake,LAKE-1,SO2TONS,TONS,2/6/2023,0.002815279,SO2 in TONS,16.2,5.0,25.0,0.0,0.0,232,19.1,1007.8,4.632405152140106e-05
Lake,LAKE-1,SO2TONS,TONS,2/9/2023,0.000904169,SO2 in TONS,8.7,-0.5,13.9,0.0,0.0,28,20.2,1020.5,1.5547920619377815e-05
Lake,LAKE-1,SO2TONS,TONS,2/10/2023,0.000319679,SO2 in TONS,3.4,-3.2,10.0,0.0,0.0,8,4.0,1029.9,7.262404098805377e-06
Lake,LAKE-1,SO2TONS,TONS,2/13/2023,0.000766445,SO2 in TONS,11.8,2.2,20.0,0.8,0.0,269,20.9,1006.7,1.3006300259006654e-05
Lake,LAKE-1,SO2TONS,TONS,2/14/2023,0.002755043,SO2 in TONS,7.6,3.3,15.0,0.0,0.0,240,31.3,1006.1,4.2837919176146855e-05
Lake,LAKE-1,SO2TONS,TONS,2/15/2023,0.00471024,SO2 in TONS,8.5,3.3,10.0,0.0,0.0,306,30.2,1007.8,6.55392177304068e-05
Lake,LAKE-1,SO2TONS,TONS,2/16/2023,0.00459309,SO2 in TONS,4.9,0.6,9.4,0.0,0.0,12,14.4,1020.9,6.645176446318537e-05
Lake,LAKE-1,SO2TONS,TONS,2/17/2023,0.003908595,SO2 in TONS,3.2,-6.6,12.2,0.0,0.0,58,11.2,1025.6,5.7459833629968034e-05
Lake,LAKE-1,SO2TONS,TONS,2/18/2023,0.003659387,SO2 in TONS,8.6,5.0,17.8,0.0,0.0,117,8.6,1019.3,5.2752013858782e-05
Lake,LAKE-1,SO2TONS,TONS,2/19/2023,0.001715075,SO2 in TONS,10.7,7.2,16.7,9.7,0.0,272,16.6,1018.8,2.6631669750174557e-05
Lake,LAKE-1,SO2TONS,TONS,2/20/2023,4.05e-07,SO2 in TONS,14.8,10.0,20.0,0.0,0.0,234,16.9,1015.2,3.785145956396333e-06
Lake,LAKE-1,SO2TONS,TONS,2/21/2023,0.001707409,SO2 in TONS,15.1,9.4,18.3,0.0,0.0,224,19.8,1005.1,2.828118706355132e-05
Lake,LAKE-1,SO2TONS,TONS,2/22/2023,0.001546777,SO2 in TONS,12.1,4.4,18.9,0.0,0.0,240,34.6,1002.8,3.28555194278787e-05
Lake,LAKE-1,SO2TONS,TONS,2/23/2023,0.002064744,SO2 in TONS,9.4,2.2,18.9,0.0,0.0,195,12.2,1013.0,3.842412475673866e-05
Lake,LAKE-1,SO2TONS,TONS,2/24/2023,0.001407056,SO2 in TONS,12.2,3.3,21.7,0.0,0.0,132,7.2,1016.3,2.484419853801634e-05
Lake,LAKE-1,SO2TONS,TONS,2/26/2023,0.001055454,SO2 in TONS,16.6,6.7,24.4,0.0,0.0,235,32.8,1008.2,1.2846429749962731e-05
Lake,LAKE-1,SO2TONS,TONS,2/27/2023,0.000390527,SO2 in TONS,8.2,0.6,17.8,0.0,0.0,238,11.9,1013.9,8.05063509184304e-06
Lake,LAKE-1,SO2TONS,TONS,2/28/2023,0.002589125,SO2 in TONS,12.1,2.2,21.7,0.0,0.0,224,18.0,1008.8,4.027658808885779e-05
Lake,LAKE-1,SO2TONS,TONS,3/1/2023,0.00517605,SO2 in TONS,16.4,10.0,22.2,0.0,0.0,223,22.0,1004.0,6.399997763682353e-05
Lake,LAKE-1,SO2TONS,TONS,3/2/2023,0.00510396,SO2 in TONS,10.3,1.7,14.4,0.3,0.0,247,27.4,1005.0,6.381441947624784e-05
Lake,LAKE-1,SO2TONS,TONS,3/3/2023,0.004377441,SO2 in TONS,8.0,1.7,17.2,0.0,0.0,239,16.6,1008.7,6.59231424891494e-05
Lake,LAKE-1,SO2TONS,TONS,3/4/2023,0.000135374,SO2 in TONS,13.3,3.3,22.8,0.0,0.0,193,10.8,1010.2,4.983970064305533e-06
Lake,LAKE-1,SO2TONS,TONS,3/5/2023,0.00125778,SO2 in TONS,16.4,10.0,24.4,0.0,0.0,251,15.5,1011.0,2.1342826860553487e-05
Lake,LAKE-1,SO2TONS,TONS,3/6/2023,0.001761821,SO2 in TONS,16.2,5.6,25.6,0.0,0.0,275,7.9,1013.1,2.403043530280786e-05
Lake,LAKE-1,SO2TONS,TONS,3/7/2023,0.00498684,SO2 in TONS,16.9,8.3,24.4,0.0,0.0,328,10.4,1012.7,6.433529586789053e-05
Lake,LAKE-1,SO2TONS,TONS,3/8/2023,0.003712336,SO2 in TONS,16.1,5.6,27.2,0.0,0.0,292,9.7,1012.0,4.945736568848978e-05
Lake,LAKE-1,SO2TONS,TONS,3/9/2023,0.001490282,SO2 in TONS,20.0,12.2,23.9,0.0,0.0,237,11.5,1012.2,2.654324586619111e-05
Lake,LAKE-1,SO2TONS,TONS,3/10/2023,0.002376303,SO2 in TONS,18.1,6.7,27.8,0.0,0.0,246,15.1,1011.4,3.2028343397578906e-05
Lake,LAKE-1,SO2TONS,TONS,3/11/2023,0.001498696,SO2 in TONS,21.5,15.0,25.6,0.0,0.0,297,27.4,1007.7,2.3968362895827427e-05
Lake,LAKE-1,SO2TONS,TONS,3/12/2023,0.000270642,SO2 in TONS,19.9,16.1,25.0,0.0,0.0,291,25.9,1009.8,8.803323947659801e-06
Lake,LAKE-1,SO2TONS,TONS,3/13/2023,0.001714511,SO2 in TONS,18.1,7.8,23.9,0.0,0.0,323,11.5,1011.6,2.4321087482914128e-05
Lake,LAKE-1,SO2TONS,TONS,3/14/2023,0.002437686,SO2 in TONS,17.7,10.0,24.4,0.0,0.0,301,10.1,1013.2,4.715762378226146e-05
Lake,LAKE-1,SO2TONS,TONS,3/15/2023,0.004458,SO2 in TONS,18.7,8.9,27.2,0.0,0.0,211,19.4,1009.4,6.769456073885579e-05
Lake,LAKE-1,SO2TONS,TONS,3/16/2023,0.00463341,SO2 in TONS,17.3,11.1,20.0,0.3,0.0,273,21.6,1007.9,6.482523998275763e-05
Lake,LAKE-1,SO2TONS,TONS,3/17/2023,0.00362674,SO2 in TONS,10.4,3.9,14.4,0.5,0.0,86,16.9,1015.5,4.972714592152618e-05
Lake,LAKE-1,SO2TONS,TONS,3/18/2023,0.001369963,SO2 in TONS,8.5,5.0,11.7,0.0,0.0,89,21.6,1020.8,2.1233740921110785e-05
Lake,LAKE-1,SO2TONS,TONS,3/19/2023,0.003573192,SO2 in TONS,7.2,-0.5,14.4,0.0,0.0,126,14.4,1022.1,4.806825015454727e-05
Lake,LAKE-1,SO2TONS,TONS,3/20/2023,0.00531696,SO2 in TONS,11.8,5.6,23.3,0.3,0.0,214,18.4,1010.4,6.430237736778166e-05
Lake,LAKE-1,SO2TONS,TONS,3/21/2023,0.001769313,SO2 in TONS,19.0,13.9,26.1,0.0,0.0,236,32.8,1007.6,2.7085928489349468e-05
Lake,LAKE-1,SO2TONS,TONS,3/22/2023,0.002407345,SO2 in TONS,20.2,13.3,26.7,0.0,0.0,228,18.4,1009.7,4.857102045058883e-05
Lake,LAKE-1,SO2TONS,TONS,3/23/2023,0.000806093,SO2 in TONS,18.6,9.4,22.8,0.0,0.0,304,20.2,1009.4,2.124886585368345e-05
Lake,LAKE-1,SO2TONS,TONS,3/24/2023,0.002496606,SO2 in TONS,13.6,10.0,17.2,0.0,0.0,285,28.4,1011.0,4.820183237750015e-05
Lake,LAKE-1,SO2TONS,TONS,3/25/2023,0.001874559,SO2 in TONS,12.6,5.0,19.4,0.0,0.0,267,13.3,1010.4,4.589259767234787e-05
Lake,LAKE-1,SO2TONS,TONS,3/26/2023,0.000887789,SO2 in TONS,13.3,3.3,22.2,0.0,0.0,313,13.7,1009.4,1.610077080147166e-05
Lake,LAKE-1,SO2TONS,TONS,3/27/2023,0.002655701,SO2 in TONS,15.1,5.0,23.3,0.0,0.0,338,14.8,1013.6,3.999066713921883e-05
Lake,LAKE-1,SO2TONS,TONS,3/28/2023,0.001046308,SO2 in TONS,13.4,6.7,18.9,0.0,0.0,73,20.5,1019.7,1.779535872227475e-05
Lake,LAKE-1,SO2TONS,TONS,3/29/2023,0.002927625,SO2 in TONS,14.1,6.1,27.2,0.0,0.0,183,11.2,1012.1,4.7029940317592494e-05
Lake,LAKE-1,SO2TONS,TONS,3/31/2023,0.001231891,SO2 in TONS,16.4,9.4,21.1,0.0,0.0,292,21.6,1013.2,1.545859779706922e-05
Lake,LAKE-1,SO2TONS,TONS,4/1/2023,0.000399471,SO2 in TONS,15.9,6.1,27.8,0.0,0.0,106,10.1,1015.3,5.091151773823277e-06
Lake,LAKE-1,SO2TONS,TONS,4/2/2023,0.000470576,SO2 in TONS,21.3,15.6,27.8,0.0,0.0,262,20.5,1008.6,2.044271455717712e-05
Lake,LAKE-1,SO2TONS,TONS,4/3/2023,0.000962776,SO2 in TONS,20.7,8.9,29.4,0.0,0.0,221,24.5,1003.2,1.700051528560842e-05
Lake,LAKE-1,SO2TONS,TONS,4/4/2023,0.0016235,SO2 in TONS,20.6,8.3,25.0,0.0,0.0,256,33.1,1000.5,2.1091568979037197e-05
Lake,LAKE-1,SO2TONS,TONS,4/5/2023,0.00266855,SO2 in TONS,10.6,3.3,16.7,0.0,0.0,22,13.0,1014.3,4.609536420790297e-05
Lake,LAKE-1,SO2TONS,TONS,4/6/2023,0.003346391,SO2 in TONS,13.4,5.0,22.8,0.0,0.0,61,20.9,1015.2,4.169643234024764e-05
Lake,LAKE-1,SO2TONS,TONS,4/7/2023,0.003055054,SO2 in TONS,15.2,7.8,22.2,0.0,0.0,85,15.1,1016.3,4.797634863536812e-05
Lake,LAKE-1,SO2TONS,TONS,4/8/2023,0.003681091,SO2 in TONS,17.3,8.3,27.8,0.0,0.0,59,8.6,1013.6,4.7367518404693246e-05
Lake,LAKE-1,SO2TONS,TONS,4/9/2023,0.00525681,SO2 in TONS,20.5,10.6,30.0,0.0,0.0,353,5.0,1013.4,6.471488844211568e-05
Lake,LAKE-1,SO2TONS,TONS,4/10/2023,0.005222116,SO2 in TONS,21.7,13.3,30.0,0.0,0.0,83,15.5,1016.4,6.346394825222415e-05
Lake,LAKE-1,SO2TONS,TONS,4/11/2023,0.00521946,SO2 in TONS,23.2,15.0,31.1,0.0,0.0,146,10.8,1014.0,6.470767564181371e-05
Lake,LAKE-1,SO2TONS,TONS,4/12/2023,0.00440712,SO2 in TONS,23.2,13.3,31.7,0.0,0.0,177,9.7,1006.4,6.78804119556282e-05
Lake,LAKE-1,SO2TONS,TONS,4/13/2023,0.00466959,SO2 in TONS,25.0,18.3,30.6,0.0,0.0,222,24.8,1000.1,6.657581709537441e-05
Lake,LAKE-1,SO2TONS,TONS,4/14/2023,0.00471234,SO2 in TONS,22.1,15.6,26.7,0.0,0.0,254,31.0,1003.0,6.572764255594887e-05
Lake,LAKE-1,SO2TONS,TONS,4/15/2023,0.003773202,SO2 in TONS,21.2,16.1,26.7,0.0,0.0,324,15.8,1012.1,6.125446184953697e-05
Lake,LAKE-1,SO2TONS,TONS,4/16/2023,2.4879e-06,SO2 in TONS,18.8,10.0,27.8,0.0,0.0,91,13.7,1015.5,1.5102974953398498e-05
Lake,LAKE-1,SO2TONS,TONS,5/25/2023,0.00182527,SO2 in TONS,28.5,18.3,35.6,0.0,0.0,181,12.6,1004.4,3.643848603313142e-05
Lake,LAKE-1,SO2TONS,TONS,5/26/2023,0.00219961,SO2 in TONS,28.7,21.1,36.1,0.0,0.0,179,11.2,1005.4,4.245472644241015e-05
Lake,LAKE-1,SO2TONS,TONS,5/27/2023,0.002350239,SO2 in TONS,30.2,24.4,35.0,0.0,0.0,227,19.4,1005.5,4.53344812332968e-05
Lake,LAKE-1,SO2TONS,TONS,5/28/2023,0.001820762,SO2 in TONS,27.9,18.9,34.4,0.0,0.0,242,15.1,1006.1,2.9781086582470707e-05
Lake,LAKE-1,SO2TONS,TONS,5/29/2023,0.002614016,SO2 in TONS,27.4,19.4,35.6,0.0,0.0,221,11.2,1006.7,3.8489399805003e-05
Lake,LAKE-1,SO2TONS,TONS,5/30/2023,0.004527141,SO2 in TONS,29.6,20.0,36.1,0.0,0.0,255,11.5,1004.8,5.8577574427881575e-05
Lake,LAKE-1,SO2TONS,TONS,5/31/2023,0.002900584,SO2 in TONS,30.2,23.3,35.0,0.0,0.0,257,18.7,1001.6,4.00617892601642e-05
Lake,LAKE-1,SO2TONS,TONS,6/1/2023,0.002891954,SO2 in TONS,27.8,22.8,31.7,0.0,0.0,274,18.7,1004.1,4.037929482578375e-05
Lake,LAKE-1,SO2TONS,TONS,6/2/2023,0.001014566,SO2 in TONS,27.5,23.3,32.2,0.0,0.0,283,17.3,1005.1,1.7814806140154233e-05
Lake,LAKE-1,SO2TONS,TONS,6/3/2023,0.002465111,SO2 in TONS,26.9,17.8,33.9,0.0,0.0,337,9.7,1005.0,3.157381864269753e-05
Lake,LAKE-1,SO2TONS,TONS,6/4/2023,0.001938174,SO2 in TONS,27.5,20.6,34.4,0.0,0.0,72,12.2,1006.5,2.6277223051044597e-05
Lake,LAKE-1,SO2TONS,TONS,6/6/2023,8.95146e-05,SO2 in TONS,26.8,18.3,34.4,0.8,0.0,112,18.4,1008.3,7.403450232472601e-06
Lake,LAKE-1,SO2TONS,TONS,6/8/2023,0.000761099,SO2 in TONS,28.9,19.4,35.0,0.0,0.0,270,12.2,1007.0,2.1441574726218155e-05
Lake,LAKE-1,SO2TONS,TONS,6/13/2023,0.000441989,SO2 in TONS,28.3,17.2,35.0,0.0,0.0,293,17.6,1006.3,7.426395565429699e-06
Lake,LAKE-1,SO2TONS,TONS,6/15/2023,0.000257228,SO2 in TONS,31.3,23.9,37.2,0.0,0.0,274,24.8,1004.6,8.639842788315168e-06
Lake,LAKE-1,SO2TONS,TONS,6/16/2023,0.001504844,SO2 in TONS,32.8,25.6,38.3,0.0,0.0,251,20.9,1007.3,2.405157583940032e-05
Lake,LAKE-1,SO2TONS,TONS,6/17/2023,0.000964583,SO2 in TONS,31.3,21.7,38.3,0.0,0.0,283,16.9,1007.4,1.930112252586706e-05
Lake,LAKE-1,SO2TONS,TONS,6/19/2023,0.001529873,SO2 in TONS,33.8,26.7,39.4,0.0,0.0,283,18.0,1006.6,2.77288532434498e-05
Lake,LAKE-1,SO2TONS,TONS,6/20/2023,0.003330501,SO2 in TONS,33.8,25.0,38.9,0.0,0.0,284,11.9,1007.5,4.5838659599666096e-05
Lake,LAKE-1,SO2TONS,TONS,6/21/2023,0.003638984,SO2 in TONS,32.9,24.4,40.6,0.0,0.0,246,13.3,1006.3,4.715323367747504e-05
Lake,LAKE-1,SO2TONS,TONS,6/22/2023,0.00517761,SO2 in TONS,33.8,25.0,41.7,0.0,0.0,237,17.3,1005.5,6.411497410980343e-05
Lake,LAKE-1,SO2TONS,TONS,6/23/2023,0.00521889,SO2 in TONS,33.9,23.3,41.7,0.0,0.0,246,16.9,1006.0,6.411276162671939e-05
Lake,LAKE-1,SO2TONS,TONS,6/24/2023,0.00493449,SO2 in TONS,34.4,24.4,41.7,0.0,0.0,245,15.5,1007.6,6.55159850514777e-05
Lake,LAKE-1,SO2TONS,TONS,6/25/2023,0.00501285,SO2 in TONS,35.1,23.9,42.2,0.0,0.0,356,8.6,1008.4,6.490297390907052e-05
Lake,LAKE-1,SO2TONS,TONS,6/26/2023,0.0054624,SO2 in TONS,34.0,22.8,43.3,0.0,0.0,99,10.8,1006.4,6.361202735337719e-05
Lake,LAKE-1,SO2TONS,TONS,6/27/2023,0.00543771,SO2 in TONS,36.0,26.1,42.8,0.0,0.0,189,12.2,1003.9,6.30358560362458e-05
Lake,LAKE-1,SO2TONS,TONS,6/28/2023,0.00542409,SO2 in TONS,34.9,26.7,41.7,0.0,0.0,246,13.7,1004.1,6.27870434280126e-05
Lake,LAKE-1,SO2TONS,TONS,6/29/2023,0.00550323,SO2 in TONS,33.6,26.7,40.0,0.0,0.0,229,14.4,1004.6,6.24964509861809e-05
Lake,LAKE-1,SO2TONS,TONS,6/30/2023,0.00553251,SO2 in TONS,34.1,29.4,38.3,0.0,0.0,254,13.3,1005.6,6.303990822067742e-05
Lake,LAKE-1,SO2TONS,TONS,7/1/2023,0.00442113,SO2 in TONS,32.3,22.8,40.0,0.0,0.0,203,12.2,1006.7,6.699267933073119e-05
Lake,LAKE-1,SO2TONS,TONS,7/2/2023,0.00519573,SO2 in TONS,31.4,23.9,39.4,0.0,0.0,115,13.7,1008.1,6.373533267615012e-05
Lake,LAKE-1,SO2TONS,TONS,7/3/2023,0.004583564,SO2 in TONS,29.4,22.2,38.9,0.0,0.0,66,10.8,1008.4,5.760823085679242e-05
Lake,LAKE-1,SO2TONS,TONS,7/4/2023,0.00500649,SO2 in TONS,29.6,22.8,39.4,0.0,0.0,94,7.9,1008.2,6.478164638674566e-05
Lake,LAKE-1,SO2TONS,TONS,7/5/2023,0.00560025,SO2 in TONS,33.2,25.6,41.7,0.0,0.0,170,11.9,1007.0,6.297870764133108e-05
Lake,LAKE-1,SO2TONS,TONS,7/6/2023,0.002560578,SO2 in TONS,33.9,26.7,41.1,0.0,0.0,136,13.7,1006.3,3.138332262785269e-05
Lake,LAKE-1,SO2TONS,TONS,7/13/2023,1.44345e-05,SO2 in TONS,34.0,27.2,40.6,0.8,0.0,257,15.5,1006.7,1.7384623348161344e-06
Lake,LAKE-1,SO2TONS,TONS,7/29/2023,0.000216273,SO2 in TONS,33.2,27.2,38.9,0.0,0.0,104,16.6,1011.8,8.258441274889206e-06
Lake,LAKE-1,SO2TONS,TONS,7/30/2023,0.003521591,SO2 in TONS,31.9,25.0,36.1,0.0,0.0,108,17.3,1012.2,4.737948297762105e-05
Lake,LAKE-1,SO2TONS,TONS,7/31/2023,0.00469785,SO2 in TONS,31.2,25.6,37.8,0.0,0.0,155,11.2,1011.8,5.763673735656742e-05
Lake,LAKE-1,SO2TONS,TONS,8/1/2023,0.004598588,SO2 in TONS,30.8,25.6,38.9,0.0,0.0,167,13.7,1012.2,5.818164242574766e-05
Lake,LAKE-1,SO2TONS,TONS,8/2/2023,0.004968524,SO2 in TONS,31.2,24.4,40.0,0.0,0.0,8,9.7,1011.3,6.016310551183367e-05
Lake,LAKE-1,SO2TONS,TONS,8/3/2023,0.003709708,SO2 in TONS,30.1,25.0,38.3,0.0,0.0,188,9.0,1010.3,4.6829940510618416e-05
Lake,LAKE-1,SO2TONS,TONS,8/4/2023,0.002183893,SO2 in TONS,33.2,25.0,41.7,0.0,0.0,71,7.6,1007.5,3.187410599269779e-05
Lake,LAKE-1,SO2TONS,TONS,8/5/2023,0.004523359,SO2 in TONS,35.2,27.2,42.8,0.0,0.0,113,7.9,1007.3,5.459753113886959e-05
Lake,LAKE-1,SO2TONS,TONS,8/6/2023,0.003089444,SO2 in TONS,36.2,27.2,44.4,0.0,0.0,355,7.6,1007.4,3.8933974327726655e-05
Lake,LAKE-1,SO2TONS,TONS,8/7/2023,0.003842291,SO2 in TONS,35.8,26.1,42.8,0.0,0.0,3,16.9,1009.3,4.954249041119182e-05
Lake,LAKE-1,SO2TONS,TONS,8/8/2023,0.003042055,SO2 in TONS,31.3,26.1,38.9,0.0,0.0,290,15.5,1010.8,4.028635781858276e-05
Lake,LAKE-1,SO2TONS,TONS,8/9/2023,0.003842268,SO2 in TONS,31.3,23.9,39.4,0.3,0.0,326,18.0,1008.1,4.669237665310801e-05
Lake,LAKE-1,SO2TONS,TONS,8/10/2023,0.003508604,SO2 in TONS,33.1,26.1,38.9,0.0,0.0,290,18.7,1007.2,4.347032653049174e-05
Lake,LAKE-1,SO2TONS,TONS,8/11/2023,0.00254519,SO2 in TONS,30.7,23.3,37.2,0.0,0.0,231,20.2,1009.3,3.100719916605072e-05
Lake,LAKE-1,SO2TONS,TONS,8/12/2023,0.002471924,SO2 in TONS,29.7,23.9,36.7,0.0,0.0,240,15.5,1010.0,3.075431281516816e-05
Lake,LAKE-1,SO2TONS,TONS,8/13/2023,0.002155122,SO2 in TONS,31.6,26.7,36.7,0.0,0.0,257,11.2,1009.1,2.8430457379253687e-05
Lake,LAKE-1,SO2TONS,TONS,8/14/2023,0.002591741,SO2 in TONS,28.9,21.1,33.9,6.9,0.0,61,20.5,1013.9,3.0864072016160574e-05
Lake,LAKE-1,SO2TONS,TONS,8/15/2023,0.002813354,SO2 in TONS,25.7,18.3,34.4,8.6,0.0,100,13.0,1016.3,3.893903635917506e-05
Lake,LAKE-1,SO2TONS,TONS,8/16/2023,0.004845824,SO2 in TONS,30.8,24.4,37.2,0.0,0.0,168,6.5,1011.7,6.051108210756255e-05
Lake,LAKE-1,SO2TONS,TONS,8/17/2023,0.004651595,SO2 in TONS,31.9,23.9,39.4,0.0,0.0,164,9.4,1008.9,5.508414524983822e-05
Lake,LAKE-1,SO2TONS,TONS,8/18/2023,0.003397527,SO2 in TONS,33.1,25.0,38.9,0.0,0.0,118,16.9,1008.2,4.3579294776577934e-05
Lake,LAKE-1,SO2TONS,TONS,8/19/2023,0.001893475,SO2 in TONS,32.1,24.4,37.8,0.0,0.0,98,16.2,1008.1,2.634606264653217e-05
Lake,LAKE-1,SO2TONS,TONS,8/20/2023,0.002676066,SO2 in TONS,32.3,26.1,37.8,0.0,0.0,107,23.4,1010.0,3.362492818679049e-05
Lake,LAKE-1,SO2TONS,TONS,8/21/2023,0.001655427,SO2 in TONS,31.5,25.6,36.7,0.0,0.0,129,16.6,1012.5,2.3636881870316974e-05
Lake,LAKE-1,SO2TONS,TONS,8/22/2023,0.002201567,SO2 in TONS,30.0,23.3,35.6,0.0,0.0,104,14.8,1012.1,2.844030082662908e-05
Lake,LAKE-1,SO2TONS,TONS,8/23/2023,0.001068068,SO2 in TONS,24.3,19.4,26.7,9.4,0.0,14,14.4,1013.7,1.4945450942736187e-05
Lake,LAKE-1,SO2TONS,TONS,8/24/2023,0.002592273,SO2 in TONS,22.9,18.9,34.4,0.0,0.0,24,10.1,1013.5,3.084022998105615e-05
Lake,LAKE-1,SO2TONS,TONS,8/25/2023,0.002987979,SO2 in TONS,29.4,24.4,35.6,0.0,0.0,59,12.2,1011.5,3.6624879125619416e-05
Lake,LAKE-1,SO2TONS,TONS,8/26/2023,0.002290941,SO2 in TONS,30.0,23.9,36.7,0.0,0.0,57,15.8,1011.5,2.8883053568939623e-05
Lake,LAKE-1,SO2TONS,TONS,8/27/2023,0.002186973,SO2 in TONS,30.7,24.4,37.2,0.0,0.0,56,11.2,1010.6,2.8597034334733723e-05
Lake,LAKE-1,SO2TONS,TONS,8/28/2023,0.00298832,SO2 in TONS,30.4,24.4,37.2,0.0,0.0,86,9.4,1010.0,3.826697130630925e-05
Lake,LAKE-1,SO2TONS,TONS,8/29/2023,0.00419994,SO2 in TONS,27.4,20.0,33.3,11.4,0.0,67,11.5,1013.4,5.243872255860285e-05
Lake,LAKE-1,SO2TONS,TONS,8/30/2023,0.002595744,SO2 in TONS,28.1,22.8,35.0,0.0,0.0,52,9.4,1012.0,3.28734866593064e-05
Lake,LAKE-1,SO2TONS,TONS,8/31/2023,0.003410808,SO2 in TONS,29.2,21.7,36.7,0.0,0.0,99,6.8,1008.8,5.066131525087592e-05
Lake,LAKE-1,SO2TONS,TONS,9/1/2023,0.002328341,SO2 in TONS,30.2,22.2,37.8,0.0,0.0,136,9.7,1009.5,3.3432009933391764e-05
Lake,LAKE-1,SO2TONS,TONS,9/2/2023,0.002243068,SO2 in TONS,29.7,21.7,37.2,0.0,0.0,140,7.6,1011.9,3.0782295021444846e-05
Lake,LAKE-1,SO2TONS,TONS,9/3/2023,0.00228278,SO2 in TONS,29.9,20.0,37.8,0.0,0.0,163,7.9,1009.2,2.866626185116632e-05
Lake,LAKE-1,SO2TONS,TONS,9/4/2023,0.002525948,SO2 in TONS,31.3,22.8,37.8,0.0,0.0,242,17.6,1005.0,3.9939434613532254e-05
Lake,LAKE-1,SO2TONS,TONS,9/5/2023,0.002979925,SO2 in TONS,31.9,22.8,37.8,0.0,0.0,289,9.4,1007.7,3.8643066711408894e-05
Lake,LAKE-1,SO2TONS,TONS,9/6/2023,0.002646671,SO2 in TONS,30.4,20.0,40.0,0.0,0.0,39,8.3,1009.9,3.3375126531507384e-05
Lake,LAKE-1,SO2TONS,TONS,9/7/2023,0.003312354,SO2 in TONS,32.4,23.9,40.6,0.0,0.0,155,10.4,1009.1,4.161512790659554e-05
Lake,LAKE-1,SO2TONS,TONS,9/8/2023,0.003353489,SO2 in TONS,33.1,24.4,41.1,0.0,0.0,21,12.6,1010.1,4.119962821426918e-05
Lake,LAKE-1,SO2TONS,TONS,9/9/2023,0.003407102,SO2 in TONS,31.9,22.2,40.0,0.0,0.0,57,11.2,1010.9,4.112480374434331e-05
Lake,LAKE-1,SO2TONS,TONS,9/10/2023,0.003730014,SO2 in TONS,31.4,23.9,38.9,0.0,0.0,122,10.1,1010.3,4.7550494135308e-05
Lake,LAKE-1,SO2TONS,TONS,9/11/2023,0.004067253,SO2 in TONS,32.6,24.4,37.8,1.0,0.0,14,15.8,1008.3,5.249863693483762e-05
Lake,LAKE-1,SO2TONS,TONS,9/12/2023,0.001742717,SO2 in TONS,25.7,20.6,28.9,3.0,0.0,59,13.3,1013.2,2.5241420282513504e-05
Lake,LAKE-1,SO2TONS,TONS,9/14/2023,0.004489584,SO2 in TONS,26.4,19.4,33.9,0.0,0.0,249,12.2,1009.6,5.388611130436392e-05
Lake,LAKE-1,SO2TONS,TONS,9/15/2023,0.001619684,SO2 in TONS,25.9,19.4,34.4,0.0,0.0,14,11.9,1010.4,2.0759811968595637e-05
Lake,LAKE-1,SO2TONS,TONS,9/21/2023,0.001429223,SO2 in TONS,25.9,19.4,32.2,0.0,0.0,335,10.1,1010.0,2.033467371216904e-05
Lake,LAKE-1,SO2TONS,TONS,9/22/2023,0.002132972,SO2 in TONS,28.3,21.1,36.1,0.0,0.0,251,9.0,1009.4,2.629806370883537e-05
Lake,LAKE-1,SO2TONS,TONS,9/23/2023,0.001719251,SO2 in TONS,28.8,20.0,36.7,0.0,0.0,307,8.3,1008.5,2.96691876235288e-05
Lake,LAKE-1,SO2TONS,TONS,9/24/2023,0.001142837,SO2 in TONS,28.6,21.1,35.6,0.0,0.0,344,11.5,1009.6,1.829967234402217e-05
Lake,LAKE-1,SO2TONS,TONS,9/25/2023,0.00214441,SO2 in TONS,27.5,19.4,35.6,0.0,0.0,37,11.5,1012.5,2.870562808406594e-05
Lake,LAKE-1,SO2TONS,TONS,9/26/2023,0.002217179,SO2 in TONS,28.4,18.9,35.6,13.7,0.0,131,10.8,1012.4,2.8667029702549463e-05
Lake,LAKE-1,SO2TONS,TONS,9/27/2023,0.001930336,SO2 in TONS,23.8,16.7,35.0,0.0,0.0,31,5.4,1011.2,2.60210854301085e-05
Lake,LAKE-1,SO2TONS,TONS,9/28/2023,0.002838972,SO2 in TONS,27.7,19.4,36.7,0.0,0.0,184,9.4,1007.8,3.413440418099331e-05
Lake,LAKE-1,SO2TONS,TONS,9/29/2023,0.002955653,SO2 in TONS,28.9,21.1,36.1,0.0,0.0,203,9.4,1006.8,3.660777186422681e-05
Lake,LAKE-1,SO2TONS,TONS,9/30/2023,0.002152382,SO2 in TONS,29.2,16.7,35.0,5.8,0.0,149,13.7,1007.9,3.1007030190520985e-05
Lake,LAKE-1,SO2TONS,TONS,10/1/2023,0.002184916,SO2 in TONS,25.6,20.0,32.8,0.0,0.0,161,11.5,1009.1,2.934727106699904e-05
Lake,LAKE-1,SO2TONS,TONS,10/2/2023,0.004123001,SO2 in TONS,26.7,20.6,33.9,0.0,0.0,206,15.8,1007.6,5.2917324656101e-05
Lake,LAKE-1,SO2TONS,TONS,10/3/2023,0.003350162,SO2 in TONS,26.7,20.0,31.7,0.0,0.0,254,11.5,1007.2,5.359602969354896e-05
Lake,LAKE-1,SO2TONS,TONS,10/4/2023,0.002252597,SO2 in TONS,26.1,18.3,31.7,0.0,0.0,295,12.2,1008.0,3.285874985516078e-05
Lake,LAKE-1,SO2TONS,TONS,10/5/2023,0.002422322,SO2 in TONS,24.2,18.3,31.7,0.0,0.0,47,13.7,1014.0,3.0791495805040264e-05
Lake,LAKE-1,SO2TONS,TONS,10/6/2023,0.002672232,SO2 in TONS,23.8,16.1,30.0,0.0,0.0,98,15.5,1016.3,3.5455818157368845e-05
Lake,LAKE-1,SO2TONS,TONS,10/7/2023,0.002022154,SO2 in TONS,22.1,16.1,26.7,0.0,0.0,96,15.5,1018.3,2.507391472952236e-05
Lake,LAKE-1,SO2TONS,TONS,10/8/2023,0.001474714,SO2 in TONS,21.0,12.8,28.3,0.0,0.0,75,4.0,1014.3,2.0210865671549727e-05
Lake,LAKE-1,SO2TONS,TONS,10/9/2023,0.002662268,SO2 in TONS,22.4,14.4,30.6,0.0,0.0,132,5.8,1008.3,3.09649322052054e-05
Lake,LAKE-1,SO2TONS,TONS,10/10/2023,0.003228025,SO2 in TONS,23.3,15.6,31.7,0.0,0.0,255,8.3,1003.7,4.3325809512680944e-05
Lake,LAKE-1,SO2TONS,TONS,10/11/2023,0.002936085,SO2 in TONS,24.4,16.7,32.2,0.0,0.0,199,19.8,998.4,4.396341591132045e-05
Lake,LAKE-1,SO2TONS,TONS,10/12/2023,0.003696129,SO2 in TONS,26.3,21.1,30.6,0.0,0.0,263,26.3,999.2,4.935106546539472e-05
Lake,LAKE-1,SO2TONS,TONS,10/13/2023,0.00456941,SO2 in TONS,23.3,17.2,28.3,0.0,0.0,20,13.3,1009.8,5.446428249074686e-05
Lake,LAKE-1,SO2TONS,TONS,10/14/2023,0.004509013,SO2 in TONS,21.2,15.0,28.3,0.0,0.0,70,9.4,1015.9,5.817476579020355e-05
Lake,LAKE-1,SO2TONS,TONS,10/15/2023,0.004097458,SO2 in TONS,21.3,15.6,28.9,0.0,0.0,74,10.1,1018.6,5.247629119178097e-05
Lake,LAKE-1,SO2TONS,TONS,10/16/2023,0.004627423,SO2 in TONS,20.5,13.9,28.3,0.0,0.0,81,7.6,1019.2,5.6641359239176494e-05
Lake,LAKE-1,SO2TONS,TONS,10/17/2023,0.003479288,SO2 in TONS,22.2,12.2,31.7,0.0,0.0,311,6.8,1012.7,4.432939729584337e-05
Lake,LAKE-1,SO2TONS,TONS,10/18/2023,0.004323714,SO2 in TONS,25.2,18.3,33.3,0.0,0.0,326,9.4,1009.9,5.21572330690598e-05
Lake,LAKE-1,SO2TONS,TONS,10/19/2023,0.004845352,SO2 in TONS,23.4,13.9,32.2,0.0,0.0,59,4.7,1014.3,5.677238478699462e-05
Lake,LAKE-1,SO2TONS,TONS,10/20/2023,0.004650734,SO2 in TONS,23.0,13.9,32.8,0.0,0.0,21,6.8,1012.5,5.417201443035376e-05
Lake,LAKE-1,SO2TONS,TONS,10/21/2023,0.00470949,SO2 in TONS,24.2,16.7,31.1,0.0,0.0,194,7.2,1007.7,5.753922266694339e-05
Lake,LAKE-1,SO2TONS,TONS,10/22/2023,0.002475167,SO2 in TONS,25.0,16.1,30.6,0.0,0.0,196,11.5,1006.0,3.9358363453968654e-05
Lake,LAKE-1,SO2TONS,TONS,10/23/2023,0.003655132,SO2 in TONS,22.9,16.1,28.9,0.0,0.0,72,8.3,1003.4,4.682133242546013e-05
Lake,LAKE-1,SO2TONS,TONS,10/24/2023,0.000707013,SO2 in TONS,22.1,14.4,27.2,8.9,0.0,5,14.8,1006.6,1.307730024929195e-05
Lake,LAKE-1,SO2TONS,TONS,10/25/2023,0.001417581,SO2 in TONS,16.2,12.2,21.7,0.0,0.0,233,15.5,1012.1,2.1150833820552062e-05
Lake,LAKE-1,SO2TONS,TONS,10/26/2023,0.003701986,SO2 in TONS,17.8,11.1,25.6,0.0,0.0,214,12.6,1011.8,5.047677292147541e-05
Lake,LAKE-1,SO2TONS,TONS,10/27/2023,0.00567018,SO2 in TONS,18.9,11.1,27.2,0.0,0.0,17,6.1,1013.0,6.359509222521988e-05
Lake,LAKE-1,SO2TONS,TONS,10/28/2023,0.003895992,SO2 in TONS,20.8,12.8,28.9,0.0,0.0,237,9.7,1009.1,4.784782688568122e-05
Lake,LAKE-1,SO2TONS,TONS,10/29/2023,0.003573819,SO2 in TONS,20.5,4.4,25.6,0.0,0.0,139,17.3,1011.5,4.44440388261064e-05
Lake,LAKE-1,SO2TONS,TONS,10/30/2023,0.00325249,SO2 in TONS,6.6,2.2,11.1,0.0,0.0,100,15.5,1025.2,4.57173751617303e-05
Lake,LAKE-1,SO2TONS,TONS,10/31/2023,0.003399562,SO2 in TONS,7.6,1.7,15.0,0.0,0.0,71,10.8,1026.1,4.442340233420764e-05
Lake,LAKE-1,SO2TONS,TONS,11/1/2023,0.002808541,SO2 in TONS,9.7,1.7,19.4,0.0,0.0,9,7.2,1023.1,3.79945715044297e-05
Lake,LAKE-1,SO2TONS,TONS,11/2/2023,0.000787862,SO2 in TONS,12.8,5.6,22.8,0.0,0.0,356,9.4,1019.4,1.4371823915080736e-05
Lake,LAKE-1,SO2TONS,TONS,11/3/2023,0.001743172,SO2 in TONS,15.4,4.4,25.6,0.0,0.0,337,4.3,1017.7,2.3966038752689748e-05
Lake,LAKE-1,SO2TONS,TONS,11/4/2023,0.001125751,SO2 in TONS,15.4,5.0,27.8,0.0,0.0,12,5.0,1017.5,2.974884226553876e-05
Lake,LAKE-1,SO2TONS,TONS,11/5/2023,0.000940495,SO2 in TONS,17.9,10.0,28.9,0.0,0.0,44,7.2,1014.9,3.63018813821973e-05
Lake,LAKE-1,SO2TONS,TONS,11/6/2023,0.002062388,SO2 in TONS,19.9,11.1,30.6,0.0,0.0,202,8.6,1012.2,3.2118068115672905e-05
Lake,LAKE-1,SO2TONS,TONS,11/7/2023,0.003000914,SO2 in TONS,21.4,11.1,30.0,0.0,0.0,227,18.4,1010.1,4.260027134686136e-05
Lake,LAKE-1,SO2TONS,TONS,11/8/2023,0.004188554,SO2 in TONS,24.9,17.8,29.4,0.0,0.0,257,18.0,1008.1,5.907509574360401e-05
Lake,LAKE-1,SO2TONS,TONS,11/9/2023,0.004033951,SO2 in TONS,19.6,10.0,21.7,0.5,0.0,100,15.1,1012.8,5.5910936892696194e-05
Lake,LAKE-1,SO2TONS,TONS,11/10/2023,0.00561933,SO2 in TONS,10.0,7.8,11.1,4.8,0.0,75,10.1,1018.9,6.311771465003248e-05
Lake,LAKE-1,SO2TONS,TONS,11/11/2023,0.00450723,SO2 in TONS,11.2,8.3,17.8,0.0,0.0,40,8.6,1020.0,6.729154792776061e-05
Lake,LAKE-1,SO2TONS,TONS,11/12/2023,0.003476902,SO2 in TONS,12.4,6.1,19.4,0.0,0.0,49,10.1,1021.4,4.472538932262284e-05
Lake,LAKE-1,SO2TONS,TONS,11/13/2023,0.003103209,SO2 in TONS,14.8,12.8,17.8,0.0,0.0,62,12.2,1022.4,4.7127338453665537e-05
Lake,LAKE-1,SO2TONS,TONS,11/14/2023,0.000787889,SO2 in TONS,14.2,10.0,19.4,0.0,0.0,34,4.7,1020.0,1.930430495494749e-05
Lake,LAKE-1,SO2TONS,TONS,11/15/2023,0.003620089,SO2 in TONS,14.4,7.8,22.8,0.0,0.0,17,6.1,1017.7,4.497214435784674e-05
Lake,LAKE-1,SO2TONS,TONS,11/16/2023,0.00406503,SO2 in TONS,16.2,11.1,22.2,0.0,0.0,249,11.9,1013.7,6.829947748319822e-05
Lake,LAKE-1,SO2TONS,TONS,11/17/2023,0.003799958,SO2 in TONS,18.3,13.3,26.1,0.0,0.0,133,7.6,1014.0,5.309968101278678e-05
Lake,LAKE-1,SO2TONS,TONS,11/18/2023,0.001714254,SO2 in TONS,21.1,17.2,28.3,0.0,0.0,218,11.2,1010.3,2.6871466765901173e-05
Lake,LAKE-1,SO2TONS,TONS,11/19/2023,0.001673973,SO2 in TONS,19.8,14.4,21.7,0.0,0.0,291,25.9,1006.3,2.783113914890045e-05
Lake,LAKE-1,SO2TONS,TONS,11/20/2023,0.002663193,SO2 in TONS,15.3,10.6,17.8,0.0,0.0,345,21.6,1013.4,4.771419891697875e-05
Lake,LAKE-1,SO2TONS,TONS,11/21/2023,0.002293546,SO2 in TONS,12.1,6.1,16.1,0.0,0.0,53,13.3,1027.0,3.671370871816944e-05
Lake,LAKE-1,SO2TONS,TONS,11/22/2023,0.002594156,SO2 in TONS,9.2,0.6,16.7,0.0,0.0,214,7.2,1022.2,4.2607178966092414e-05
Lake,LAKE-1,SO2TONS,TONS,11/23/2023,0.002361348,SO2 in TONS,9.3,0.0,17.8,0.0,0.0,189,7.9,1012.3,5.486376024745043e-05
Lake,LAKE-1,SO2TONS,TONS,11/24/2023,0.001892798,SO2 in TONS,11.7,3.9,20.0,0.0,0.0,163,9.7,1012.4,2.612477382326874e-05
Lake,LAKE-1,SO2TONS,TONS,11/25/2023,0.002086679,SO2 in TONS,11.3,5.0,18.3,0.0,0.0,312,13.0,1012.1,2.8824815407810057e-05
Lake,LAKE-1,SO2TONS,TONS,11/26/2023,0.001914556,SO2 in TONS,11.2,6.1,15.0,0.0,0.0,30,15.5,1018.7,2.589099315225061e-05
Lake,LAKE-1,SO2TONS,TONS,11/27/2023,0.003250362,SO2 in TONS,8.4,3.3,15.6,0.0,0.0,7,12.2,1021.0,4.735917943540284e-05
Lake,LAKE-1,SO2TONS,TONS,11/28/2023,0.002552457,SO2 in TONS,9.7,5.0,17.2,0.0,0.0,10,11.9,1021.7,3.804511984480003e-05
Lake,LAKE-1,SO2TONS,TONS,11/29/2023,0.000296978,SO2 in TONS,11.9,6.1,19.4,0.0,0.0,14,8.3,1011.8,7.041078920916941e-06
Lake,LAKE-1,SO2TONS,TONS,11/30/2023,0.002310962,SO2 in TONS,13.2,7.8,15.6,1.5,0.0,281,24.1,1006.7,3.864710829255292e-05
Lake,LAKE-1,SO2TONS,TONS,12/1/2023,0.000868258,SO2 in TONS,11.2,5.6,16.7,0.0,0.0,244,14.0,1010.6,1.292213050839874e-05
Lake,LAKE-1,SO2TONS,TONS,12/4/2023,1.4508e-05,SO2 in TONS,10.3,0.6,19.4,0.0,0.0,21,2.9,1019.3,0.0001331400544998
Lake,LAKE-1,SO2TONS,TONS,12/5/2023,0.001319328,SO2 in TONS,12.1,5.0,22.2,0.0,0.0,12,11.5,1022.5,1.851473271802915e-05
Lake,LAKE-1,SO2TONS,TONS,12/7/2023,0.000311382,SO2 in TONS,12.9,3.9,23.3,0.0,0.0,258,11.2,1012.7,1.0535835413437194e-05
Lake,LAKE-1,SO2TONS,TONS,12/8/2023,0.003760736,SO2 in TONS,16.2,10.0,22.8,0.0,0.0,235,24.1,1008.9,5.41513801037696e-05
Lake,LAKE-1,SO2TONS,TONS,12/9/2023,0.002495851,SO2 in TONS,11.9,2.2,13.3,0.0,0.0,27,23.0,1021.6,4.8943272787011474e-05
Lake,LAKE-1,SO2TONS,TONS,12/10/2023,0.001412653,SO2 in TONS,4.4,-4.9,11.1,0.0,0.0,57,4.3,1027.2,6.854009735283462e-05
Lake,LAKE-1,SO2TONS,TONS,12/11/2023,0.002511345,SO2 in TONS,5.4,-2.1,17.2,0.0,0.0,15,3.6,1019.3,5.319542036599468e-05
Lake,LAKE-1,SO2TONS,TONS,12/12/2023,0.002890573,SO2 in TONS,9.3,3.9,18.3,0.0,0.0,13,9.4,1015.7,6.711763158153084e-05
Lake,LAKE-1,SO2TONS,TONS,12/13/2023,0.000346339,SO2 in TONS,11.4,3.3,20.0,0.0,0.0,59,13.3,1015.8,2.8437444418826076e-05
Lake,LAKE-1,SO2TONS,TONS,12/14/2023,0.001869277,SO2 in TONS,13.5,6.7,19.4,0.0,0.0,296,12.6,1017.0,3.212559376814575e-05
Lake,LAKE-1,SO2TONS,TONS,12/15/2023,0.002256386,SO2 in TONS,10.6,3.3,17.2,0.0,0.0,5,13.0,1022.7,4.364986518739449e-05
Lake,LAKE-1,SO2TONS,TONS,12/16/2023,0.001861654,SO2 in TONS,8.9,1.1,17.8,0.0,0.0,23,9.0,1023.9,5.204927380945746e-05
Lake,LAKE-1,SO2TONS,TONS,12/17/2023,0.001355545,SO2 in TONS,8.1,-2.1,18.9,0.0,0.0,27,5.8,1020.6,6.313313386837741e-05
Lake,LAKE-1,SO2TONS,TONS,12/18/2023,0.003809158,SO2 in TONS,9.9,0.0,18.9,0.0,0.0,44,7.2,1020.1,5.7593616124744325e-05
Lake,LAKE-1,SO2TONS,TONS,12/19/2023,0.00158099,SO2 in TONS,11.7,4.4,17.8,0.0,0.0,31,4.3,1014.8,2.652601995809661e-05
Lake,LAKE-1,SO2TONS,TONS,12/20/2023,0.001541599,SO2 in TONS,11.4,6.1,17.8,4.3,0.0,8,13.0,1015.7,2.377178198744027e-05
Lake,LAKE-1,SO2TONS,TONS,12/21/2023,0.003593736,SO2 in TONS,8.9,5.6,14.4,0.0,0.0,16,8.6,1020.0,4.857652607430143e-05
Lake,LAKE-1,SO2TONS,TONS,12/22/2023,0.002524493,SO2 in TONS,11.2,5.6,21.1,0.0,0.0,60,10.8,1015.3,3.667770712976712e-05
Lake,LAKE-1,SO2TONS,TONS,12/23/2023,0.002066567,SO2 in TONS,14.1,10.0,17.2,0.3,0.0,244,18.0,1008.7,4.743177075433423e-05
Lake,LAKE-1,SO2TONS,TONS,12/24/2023,0.004154554,SO2 in TONS,10.7,4.4,14.4,0.0,0.0,263,18.4,1013.4,5.814212994987764e-05
Lake,LAKE-1,SO2TONS,TONS,12/25/2023,0.00467829,SO2 in TONS,7.6,2.8,12.8,0.0,0.0,21,8.6,1016.5,6.657825415762675e-05
Lake,LAKE-1,SO2TONS,TONS,12/26/2023,0.004347914,SO2 in TONS,6.9,-1.6,13.3,0.0,0.0,304,9.4,1015.0,5.889331774826392e-05
Lake,LAKE-1,SO2TONS,TONS,12/27/2023,0.0056799,SO2 in TONS,5.4,-2.7,13.3,0.0,0.0,339,4.0,1019.3,6.2945747087515e-05
Lake,LAKE-1,SO2TONS,TONS,12/28/2023,0.004204313,SO2 in TONS,5.5,-2.7,14.4,0.0,0.0,16,7.6,1020.9,5.4833162854540497e-05
Lake,LAKE-1,SO2TONS,TONS,12/29/2023,0.001664214,SO2 in TONS,6.1,-2.7,15.0,0.0,0.0,22,6.1,1024.7,2.332973865486245e-05
Lake,LAKE-1,SO2TONS,TONS,12/30/2023,0.00163405,SO2 in TONS,5.3,-3.2,14.4,0.0,0.0,21,4.7,1020.9,2.8918986097852025e-05
Lake,LAKE-1,SO2TONS,TONS,12/31/2023,0.001630597,SO2 in TONS,6.6,-1.6,17.2,0.0,0.0,328,10.1,1017.7,2.330049727648108e-05
